SNP,BP,FRQ_A_19099,FRQ_U_34194,INFO,OR,SE,P
rs11210917,44234520,0.302,0.321,0.993,0.90774,0.0146,3.297e-11
rs17371903,44070691,0.635,0.615,0.984,1.09823,0.014,2.28e-11
rs17401357,44153619,0.289,0.308,0.991,0.90249,0.0148,3.973e-12
rs803678,44350898,0.731,0.746,1.01,0.92026,0.0152,4.836e-08
rs6696529,44210387,0.306,0.324,0.989,0.91201,0.0146,2.551e-10
rs605709,44058467,0.364,0.384,0.992,0.91247,0.014,5.559e-11
rs2819333,44014573,0.364,0.382,0.983,0.91576,0.014,3.561e-10
rs1472661,44209075,0.302,0.321,0.995,0.90801,0.0146,3.556e-11
rs61769611,44028913,0.361,0.38,0.989,0.91704,0.014,6.439e-10
rs943513,44035472,0.366,0.385,0.991,0.91649,0.014,4.346e-10
rs951740,44011737,0.63,0.612,0.982,1.09166,0.014,3.799e-10
rs6429637,44198531,0.698,0.679,0.992,1.10153,0.0146,3.48e-11
rs3011217,44303266,0.282,0.266,1.0,1.08893,0.0151,1.507e-08
rs12410155,44188465,0.712,0.692,0.991,1.11115,0.0148,1.09e-12
rs999288,43858637,0.586,0.567,0.996,1.07799,0.0137,3.763e-08
rs1889588,44012923,0.281,0.268,0.979,1.08709,0.0152,4.246e-08
rs4660261,44229597,0.717,0.734,1.0,0.91576,0.015,4.527e-09
rs2782639,44006339,0.71,0.724,0.986,0.91998,0.015,2.873e-08
rs3791137,44050004,0.77,0.786,1.0,0.90674,0.0161,1.33e-09
rs17573239,43871273,0.594,0.576,0.994,1.07767,0.0137,4.839e-08
rs145902657,44277918,0.711,0.695,0.984,1.08981,0.0149,7.463e-09
rs596522,44066424,0.363,0.384,0.992,0.91201,0.014,4.444e-11
rs72673082,44059242,0.364,0.384,0.992,0.91265,0.014,6.198e-11
rs501299,44051834,0.636,0.616,0.992,1.09494,0.014,8.47e-11
rs10890275,44194216,0.296,0.279,1.0,1.09461,0.0148,1.015e-09
rs6678767,44220670,0.303,0.321,0.994,0.90865,0.0146,4.99e-11
rs61768371,44118406,0.336,0.355,0.996,0.91558,0.0142,5.043e-10
rs2842187,44014949,0.361,0.38,0.986,0.91677,0.014,5.906e-10
rs7520053,44226657,0.697,0.678,0.993,1.10175,0.0146,3.094e-11
rs139754583,44147579,0.294,0.313,0.978,0.91001,0.0148,1.931e-10
rs519669,44075505,0.766,0.781,1.0,0.91092,0.016,5.57e-09
rs6656457,44233662,0.303,0.321,0.994,0.90792,0.0146,3.544e-11
rs11338876,44199979,0.342,0.359,0.965,0.91833,0.0143,2.857e-09
rs11210860,43982527,0.368,0.386,0.99,0.92441,0.014,1.82e-08
rs7551551,44213482,0.301,0.32,0.994,0.90756,0.0146,2.923e-11
rs4660756,44383914,0.3,0.318,0.957,0.9091,0.0149,1.654e-10
rs607296m,44109749,0.344,0.325,1.0,1.08687,0.0142,4.421e-09
rs6673970,44199469,0.698,0.679,0.992,1.1012,0.0146,3.984e-11
rs11587515,44222570,0.302,0.321,0.994,0.90792,0.0146,3.464e-11
rs1808730,44045528,0.364,0.385,0.992,0.91329,0.014,8.489e-11
rs11275853,44196194,0.712,0.692,0.987,1.11127,0.0148,1.123e-12
rs61768432,44243561,0.699,0.68,0.988,1.10418,0.0147,1.315e-11
rs6669157,44216876,0.282,0.266,1.0,1.09199,0.015,4.57e-09
rs3791136,44049947,0.364,0.385,0.991,0.91256,0.014,5.845e-11
rs11587427,44243049,0.738,0.721,0.982,1.10329,0.0153,1.382e-10
rs653953,44083015,0.659,0.677,1.0,0.92164,0.0142,9.588e-09
rs3838475,44048247,0.229,0.214,1.0,1.10164,0.0162,2.09e-09
rs11320873,44237701,0.273,0.258,0.967,1.09582,0.0155,3.249e-09
rs11805774,44152715,0.289,0.308,0.991,0.90249,0.0148,4.053e-12
rs11810109,44186812,0.711,0.691,0.99,1.10927,0.0148,2.334e-12
rs631248,44071221,0.764,0.781,0.995,0.90638,0.016,8.81e-10
rs3838464,44162584,0.711,0.691,0.989,1.10783,0.0148,4.494e-12
rs59305903,44210191,0.303,0.321,0.995,0.90819,0.0146,3.929e-11
rs35947542,43983679,0.358,0.338,0.911,1.10098,0.0167,8.788e-09
rs6700256,44216887,0.303,0.321,0.994,0.90865,0.0146,5.002e-11
rs2842186,44035093,0.769,0.783,0.999,0.91384,0.0161,2.312e-08
rs499257,44078384,0.342,0.324,1.0,1.08643,0.0142,5.496e-09
rs3791043,44219546,0.303,0.321,0.994,0.90828,0.0146,4.093e-11
rs4660260,44195353,0.296,0.279,1.0,1.0945,0.0148,1.076e-09
rs663618,44043105,0.23,0.214,0.998,1.10109,0.0162,2.549e-09
rs839759,43863460,0.586,0.567,0.996,1.07788,0.0137,4.113e-08
rs7516647,44237465,0.301,0.32,0.991,0.90674,0.0146,2.139e-11
rs35393217,44101648,0.336,0.355,0.996,0.91558,0.0142,5.203e-10
rs573350,44057950,0.23,0.214,1.0,1.10274,0.0161,1.331e-09
rs917294,44249485,0.235,0.219,0.991,1.09155,0.0161,4.821e-08
rs113551349,44475123,0.286,0.304,0.906,0.90068,0.0162,1.045e-10
rs3011219,44306120,0.282,0.266,1.0,1.08937,0.015,1.292e-08
rs11577403,43989773,0.368,0.386,0.987,0.92469,0.014,2.173e-08
rs37452,44297573,0.282,0.266,1.0,1.08872,0.015,1.642e-08
rs112646031,44213051,0.699,0.68,0.994,1.10186,0.0146,2.952e-11
rs112984125,44173423,0.287,0.307,0.985,0.8996,0.0149,1.083e-12
rs10890281,44245939,0.301,0.32,0.987,0.90529,0.0147,1.138e-11
rs11210892,44100084,0.658,0.676,1.0,0.92063,0.0142,5.756e-09
rs6686238,44210253,0.283,0.266,1.0,1.09188,0.015,4.761e-09
rs11210915,44227579,0.283,0.266,1.0,1.09188,0.015,4.697e-09
rs552638,44043392,0.364,0.384,0.989,0.91347,0.014,1.016e-10
rs839760,43863495,0.414,0.433,0.996,0.92765,0.0137,3.878e-08
rs304303,44178070,0.286,0.27,1.0,1.08883,0.0149,1.226e-08
rs6429636,44183540,0.704,0.722,1.0,0.91357,0.0148,9.96e-10
rs11210869,44026040,0.639,0.62,0.989,1.0909,0.014,5.488e-10
rs4660259,44194534,0.297,0.279,1.0,1.09428,0.0148,1.17e-09
rs2270972,44158129,0.712,0.692,0.991,1.10827,0.0148,3.632e-12
rs2367724,44107428,0.656,0.675,1.0,0.91998,0.0142,4.193e-09
rs11210907,44191759,0.704,0.722,1.0,0.91338,0.0148,9.515e-10
rs12062824,44215859,0.697,0.679,0.994,1.10054,0.0146,4.979e-11
rs2819336,44015809,0.354,0.373,0.984,0.91485,0.0141,2.83e-10
rs4660740,44148617,0.752,0.735,0.979,1.10993,0.0156,2.396e-11
rs6698389,44051574,0.636,0.616,0.992,1.09538,0.014,7.011e-11
rs201546697,44226980,0.704,0.685,0.977,1.10407,0.0148,2.157e-11
rs56338811,44214888,0.697,0.679,0.994,1.10054,0.0146,5.002e-11
rs2275180,43773033,0.364,0.383,0.986,0.92561,0.014,3.262e-08
rs3791040,44202733,0.697,0.678,0.993,1.10043,0.0146,5.379e-11
rs1013793,44207553,0.303,0.321,0.994,0.9081,0.0146,3.875e-11
rs55656032,44098739,0.754,0.768,0.98,0.91668,0.0159,4.371e-08
rs55666439,44111212,0.664,0.645,0.996,1.09199,0.0142,5.571e-10
rs10890273,44186444,0.704,0.722,1.0,0.91329,0.0148,8.887e-10
rs2906457,44338575,0.269,0.254,1.01,1.08676,0.0152,4.508e-08
rs113688544,44151911,0.248,0.265,0.979,0.90105,0.0156,2.52e-11
rs12405972,44097438,0.336,0.355,0.996,0.91558,0.0142,5.263e-10
rs4660257,44148168,0.711,0.692,0.991,1.10794,0.0148,4.154e-12
rs61768408,44220747,0.262,0.279,0.986,0.90737,0.0153,2.05e-10
rs7529895,44241870,0.3,0.32,0.988,0.90538,0.0146,1.149e-11
rs55684236,44080009,0.336,0.356,0.993,0.91448,0.0142,3.144e-10
rs3791044,44219933,0.301,0.32,0.994,0.90747,0.0146,2.863e-11
rs710249,43869235,0.413,0.432,0.995,0.92765,0.0137,3.933e-08
rs3838466,44202786,0.698,0.679,0.993,1.10175,0.0146,3.158e-11
rs11210916,44232926,0.302,0.321,0.994,0.90756,0.0146,2.969e-11
rs10692321,44211119,0.697,0.679,0.994,1.10054,0.0146,4.961e-11
rs3791139,44051771,0.636,0.615,0.992,1.09549,0.014,6.604e-11
rs7543520,44243866,0.283,0.266,0.999,1.09341,0.015,2.818e-09
rs3791138,44050027,0.23,0.214,1.0,1.10296,0.0161,1.257e-09
rs11420276,44184192,0.714,0.694,0.983,1.11305,0.0149,6.452e-13
rs12401813,44263415,0.659,0.641,0.988,1.08177,0.0142,3.231e-08
rs10890261,44052377,0.23,0.214,1.0,1.10274,0.0161,1.357e-09
rs6664485,44225532,0.697,0.679,0.994,1.10054,0.0146,4.933e-11
rs2274465,44121557,0.664,0.645,0.995,1.09243,0.0142,4.732e-10
rs3791035,44154479,0.289,0.309,0.99,0.90267,0.0148,4.38e-12
rs2819335,44014825,0.363,0.381,0.986,0.91567,0.014,3.384e-10
rs56701980,44215412,0.697,0.679,0.994,1.10054,0.0146,4.98e-11
rs650729,44042539,0.23,0.214,0.998,1.10087,0.0162,2.768e-09
rs11581514,44222204,0.697,0.679,0.994,1.10109,0.0146,4.082e-11
rs4660736,44034901,0.378,0.398,0.962,0.91311,0.0141,1.12e-10
rs603542,44079411,0.342,0.324,1.0,1.08709,0.0142,4.337e-09
rs61769649,44098506,0.336,0.355,0.996,0.91567,0.0142,5.333e-10
rs202215468,44221787,0.691,0.673,0.955,1.09955,0.0148,1.416e-10
rs150623615,44151435,0.704,0.722,1.0,0.91192,0.0148,4.466e-10
rs11590619,44126709,0.335,0.354,0.992,0.91485,0.0142,3.989e-10
rs201958677,44210326,0.658,0.638,0.928,1.10307,0.0167,4.014e-09
rs7549094,44213178,0.717,0.733,1.0,0.91695,0.015,7.446e-09
rs3001723,44037685,0.315,0.297,0.995,1.09505,0.0146,4.94e-10
rs10890255,44031493,0.234,0.221,0.996,1.09199,0.016,4.178e-08
rs11589584,44122473,0.664,0.645,0.995,1.09243,0.0142,4.883e-10
rs11580258,44016015,0.361,0.38,0.986,0.91668,0.014,5.754e-10
rs674725,44061795,0.771,0.786,1.0,0.90828,0.0162,2.578e-09
rs11586016,44031793,0.362,0.381,0.988,0.91778,0.014,9.089e-10
rs61769643,44052198,0.296,0.312,0.962,0.91649,0.0149,5.435e-09
rs112518613,44224985,0.697,0.679,0.994,1.10054,0.0146,4.956e-11
rs12089622,44033768,0.765,0.779,0.997,0.91521,0.016,3.342e-08
rs3791140,44051778,0.364,0.384,0.992,0.91265,0.014,6.124e-11
rs34427804,44247279,0.729,0.71,0.896,1.11115,0.018,5.291e-09
rs2004899,44045465,0.23,0.214,1.0,1.10296,0.0161,1.273e-09
rs11210887,44076019,0.682,0.701,0.999,0.91119,0.0145,1.48e-10
rs11210931,44310875,0.718,0.734,1.0,0.9175,0.015,1.045e-08
rs660899,44117006,0.336,0.355,0.996,0.91549,0.0142,4.843e-10
rs839761,43863857,0.414,0.433,0.995,0.92784,0.0137,4.302e-08
rs10749850,44205094,0.282,0.265,1.0,1.09101,0.015,6.929e-09
rs539096,44072420,0.233,0.218,1.0,1.09867,0.016,4.44e-09
rs11584382,44216634,0.302,0.321,0.994,0.90792,0.0146,3.471e-11
rs34898652,43974091,0.369,0.386,0.988,0.92422,0.014,1.752e-08
rs2842198,43930738,0.383,0.403,0.985,0.92247,0.0139,6.261e-09
rs618678,44133299,0.321,0.339,0.996,0.91466,0.0143,4.833e-10
rs28833034,44212942,0.282,0.266,1.0,1.09177,0.015,4.819e-09
rs3791033,44134077,0.68,0.662,0.996,1.09472,0.0143,2.759e-10
rs2842185,44019731,0.639,0.62,0.987,1.09057,0.014,6.362e-10
rs35891206,44248230,0.278,0.261,0.993,1.09571,0.0152,1.663e-09
rs11210914,44223456,0.697,0.679,0.994,1.10109,0.0146,4.068e-11
rs34224911,44258341,0.659,0.641,0.988,1.08145,0.0142,3.535e-08
rs61768372,44123988,0.336,0.355,0.994,0.9153,0.0142,4.686e-10
rs12723279,44310744,0.718,0.734,1.0,0.91741,0.015,1.004e-08
rs3791151,44078602,0.336,0.356,0.993,0.91439,0.0142,3.08e-10
rs35025013m,44250787,0.292,0.309,0.978,0.91338,0.0149,1.124e-09
rs7546040,44247233,0.284,0.267,0.993,1.09374,0.0151,2.645e-09
rs4660745,44234076,0.302,0.321,0.993,0.90783,0.0146,3.394e-11
rs10789442,44140075,0.677,0.659,0.993,1.09374,0.0143,3.975e-10
rs11210871,44029353,0.312,0.295,0.986,1.09068,0.0147,3.43e-09
rs2152113,43983569,0.369,0.386,0.99,0.92459,0.014,1.967e-08
rs3842543,44231607,0.718,0.734,1.0,0.91558,0.015,4.231e-09
rs112767823,44181245,0.318,0.34,0.93,0.89951,0.0153,4.59e-12
rs2782657,43929988,0.383,0.403,0.985,0.92275,0.0139,6.864e-09
rs61769642,44051630,0.364,0.385,0.992,0.9132,0.014,8.087e-11
rs55803885,44195619,0.296,0.279,1.0,1.0945,0.0148,1.037e-09
rs7538463,44196416,0.704,0.721,1.0,0.91357,0.0148,1.004e-09
rs56319043,44171211,0.248,0.266,0.977,0.89987,0.0156,1.367e-11
rs2819340,44039710,0.229,0.214,0.996,1.1001,0.0162,3.75e-09
rs72678680,44240221,0.262,0.279,0.982,0.90674,0.0153,1.613e-10
rs11318191,44196242,0.594,0.573,0.923,1.0956,0.0162,1.692e-08
rs3828150,44050856,0.23,0.214,1.0,1.10219,0.0161,1.717e-09
rs4660743,44195404,0.704,0.721,1.0,0.91357,0.0148,1.001e-09
rs2906471,44306422,0.718,0.734,1.0,0.91814,0.015,1.374e-08
rs3791034,44145130,0.679,0.66,0.994,1.09308,0.0143,5.432e-10
rs1971342,44152189,0.289,0.308,0.991,0.90249,0.0148,4.092e-12
rs3791046,44231807,0.302,0.321,0.994,0.90756,0.0146,2.949e-11
rs489319,44131794,0.321,0.339,0.997,0.91558,0.0143,7.389e-10
rs2842189,44007648,0.366,0.385,0.99,0.9175,0.014,7.068e-10
rs2970610,44097530,0.342,0.324,1.0,1.08632,0.0142,5.564e-09
rs2782641,44013355,0.624,0.606,0.98,1.08632,0.014,3.156e-09
rs11590279,44244183,0.3,0.32,0.988,0.9052,0.0147,1.087e-11
rs12410444,44188719,0.712,0.692,0.991,1.11104,0.0148,1.158e-12
rs55695044,44243658,0.301,0.32,0.988,0.90556,0.0147,1.303e-11
rs3862228,44196945,0.704,0.721,1.0,0.91357,0.0148,1.011e-09
rs2842171,44039850,0.635,0.615,0.99,1.09352,0.014,1.646e-10
rs6429638,44211010,0.282,0.266,1.0,1.09166,0.015,5.125e-09
rs583040,44060483,0.364,0.384,0.992,0.91247,0.014,5.491e-11
rs2158954,44244667,0.301,0.32,0.988,0.90556,0.0147,1.262e-11
rs10890280,44238218,0.698,0.679,0.991,1.10186,0.0146,3.216e-11
rs58829390,44007366,0.632,0.614,0.987,1.09013,0.014,6.647e-10
rs2782640,44009033,0.631,0.613,0.988,1.08992,0.014,7.048e-10
rs10599480,44209514,0.289,0.272,0.99,1.09188,0.015,4.674e-09
rs58097850,44189311,0.712,0.692,0.991,1.11104,0.0148,1.151e-12
rs1143702,44086831,0.659,0.677,1.0,0.92155,0.0142,8.998e-09
rs2842178,44022027,0.361,0.38,0.988,0.91704,0.014,6.642e-10
rs492929,44068275,0.296,0.312,0.96,0.91558,0.015,3.656e-09
rs6429639,44217753,0.303,0.321,0.994,0.90828,0.0146,4.08e-11
rs9787240,44256468,0.668,0.649,0.973,1.08567,0.0144,1.197e-08
rs517191,44116466,0.336,0.355,0.996,0.91567,0.0142,5.257e-10
rs2158956,44211697,0.282,0.266,1.0,1.09188,0.015,4.729e-09
rs6668616,44216376,0.697,0.679,0.994,1.10054,0.0146,5.022e-11
rs11210912,44220737,0.697,0.679,0.994,1.10054,0.0146,4.976e-11
rs7551644,44228016,0.697,0.678,0.993,1.10153,0.0146,3.251e-11
rs673253,44062154,0.43,0.45,0.98,0.91165,0.0137,1.531e-11
rs10789436,44040966,0.229,0.214,0.997,1.099,0.0162,5.453e-09
rs1029632,44207899,0.303,0.321,0.994,0.90837,0.0146,4.26e-11
rs56367078,44215015,0.303,0.321,0.994,0.90828,0.0146,4.096e-11
rs34264939,44223676,0.303,0.321,0.994,0.90819,0.0146,4.078e-11
rs3791134,44049156,0.364,0.385,0.992,0.91311,0.014,7.661e-11
rs3791036,44155383,0.296,0.278,1.0,1.09636,0.0148,5.059e-10
rs60879458,44248419,0.699,0.679,0.976,1.10938,0.0147,1.834e-12
rs3791101,44366250,0.305,0.323,0.971,0.90765,0.0148,5.3e-11
rs2367804,44314266,0.719,0.735,1.0,0.91879,0.015,1.804e-08
rs7531165,44237247,0.302,0.321,0.991,0.90765,0.0146,3.32e-11
rs72678674,44224688,0.259,0.275,0.982,0.9091,0.0154,5.742e-10
rs1887402,44036085,0.365,0.384,0.99,0.91594,0.014,3.356e-10
rs56352978,44231480,0.301,0.32,0.993,0.90638,0.0146,1.69e-11
rs3791041,44202991,0.282,0.266,1.0,1.09177,0.015,5.111e-09
rs2842188,44014280,0.362,0.38,0.982,0.91677,0.0141,6.405e-10
rs3952787,44323244,0.291,0.275,0.966,1.09166,0.0152,7.063e-09
rs56175694,44065148,0.364,0.384,0.992,0.91192,0.014,4.198e-11
rs35290231,44103033,0.336,0.355,0.996,0.91558,0.0142,5.111e-10
rs11429972,44096568,0.354,0.336,0.976,1.08329,0.0143,2.055e-08
rs549845,44076469,0.682,0.701,0.999,0.91101,0.0145,1.381e-10
rs3791047,44236114,0.698,0.679,0.991,1.10175,0.0146,3.324e-11
rs11577684,44254280,0.658,0.64,0.988,1.08123,0.0142,3.795e-08
rs17531412,44182244,0.712,0.692,0.991,1.11115,0.0148,1.072e-12
rs61768374,44151633,0.711,0.692,0.991,1.10794,0.0148,4.156e-12
rs2819334,44014735,0.636,0.618,0.985,1.09133,0.014,4.665e-10
rs147154109,44113108,0.664,0.645,0.996,1.09199,0.0142,5.504e-10
rs12083110,44245049,0.699,0.68,0.988,1.1044,0.0147,1.254e-11
rs12119149,44243283,0.717,0.734,1.0,0.91457,0.015,2.812e-09
rs1004291,43858630,0.414,0.433,0.996,0.92756,0.0137,3.653e-08
rs55722803,44214545,0.282,0.266,1.0,1.09199,0.015,4.562e-09
rs56009633,44231481,0.697,0.678,0.993,1.10087,0.0146,4.376e-11
rs9787076,44141149,0.68,0.662,0.994,1.09549,0.0144,2.128e-10
rs6697354,44151015,0.296,0.278,1.0,1.09582,0.0148,6.061e-10
rs12354267,44248272,0.698,0.679,0.98,1.10805,0.0147,2.991e-12
rs7511800,44214269,0.7,0.681,0.991,1.10329,0.0146,1.851e-11
rs3791042,44219275,0.283,0.266,1.0,1.09199,0.015,4.587e-09
rs112361411,44183923,0.288,0.308,0.991,0.90005,0.0148,1.125e-12
rs673242,44062159,0.364,0.384,0.992,0.91247,0.014,5.468e-11
rs61768370,44111963,0.664,0.645,0.996,1.09199,0.0142,5.569e-10
rs3011220,44308867,0.282,0.266,1.0,1.08992,0.015,1.035e-08
rs11210913,44222597,0.718,0.734,1.0,0.91576,0.015,4.459e-09
rs2527776,44345292,0.731,0.746,1.01,0.92017,0.0152,4.454e-08
rs1021938,20573468,0.4,0.417,0.962,0.92589,0.014,3.594e-08
rs4858241,20669071,0.636,0.618,0.987,1.08567,0.0143,8.172e-09
rs72329266,31150016,0.344,0.361,0.982,0.92302,0.0144,2.884e-08
rs28411770,31151456,0.668,0.651,0.955,1.08992,0.0151,1.152e-08
rs200721207,31151465,0.668,0.651,0.954,1.08992,0.0151,1.154e-08
rs1427829,89760744,0.452,0.436,0.998,1.08567,0.0136,1.349e-09
rs770083,89776284,0.55,0.566,0.991,0.92302,0.0136,4.033e-09
rs3990314,89771512,0.547,0.564,1.0,0.92146,0.0136,1.616e-09
rs35928531,89748583,0.548,0.565,0.997,0.92146,0.0136,1.643e-09
rs10506971,89757937,0.548,0.565,0.997,0.92136,0.0136,1.652e-09
rs10506965,89775029,0.45,0.434,0.994,1.08242,0.0136,5.784e-09
rs12819667,89763529,0.547,0.564,0.998,0.92201,0.0136,2.125e-09
rs1427828,89762499,0.452,0.436,0.998,1.0847,0.0136,2.082e-09
rs60474271,89776845,0.55,0.567,0.986,0.92219,0.0137,3.033e-09
rs770082,89776485,0.435,0.419,0.983,1.08242,0.0137,8.253e-09
rs2279574,89745477,0.544,0.56,0.999,0.92321,0.0135,3.622e-09
rs704067,89726027,0.449,0.433,0.974,1.08307,0.0137,6.269e-09
rs704061,89771903,0.547,0.564,1.0,0.92136,0.0135,1.449e-09
rs9783122,106766398,0.196,0.207,0.991,0.91147,0.0169,4.039e-08
rs57742111,106765287,0.804,0.793,0.991,1.09647,0.0169,4.875e-08
rs11192270,106761616,0.212,0.223,0.987,0.91174,0.0164,1.887e-08
rs11591402,106747354,0.212,0.224,0.99,0.91174,0.0164,1.76e-08
rs6584649,106745104,0.788,0.776,0.989,1.0968,0.0164,1.798e-08
rs12265655,106744534,0.788,0.776,0.989,1.0968,0.0164,1.762e-08
rs10400180,106755196,0.787,0.776,0.991,1.09647,0.0164,1.907e-08
rs324886,87896602,0.414,0.395,0.991,1.07972,0.0138,2.502e-08
rs226488,87896330,0.586,0.605,0.991,0.92617,0.0138,2.491e-08
rs11740358,87926463,0.397,0.378,0.993,1.07864,0.0138,4.392e-08
rs36124295,87876335,0.586,0.605,0.992,0.92589,0.0138,2.15e-08
rs62369151,87883503,0.586,0.605,0.992,0.9258,0.0138,2.099e-08
rs34927403,87910530,0.602,0.621,0.996,0.92719,0.0138,4.384e-08
rs1644042,87920306,0.398,0.379,0.995,1.07853,0.0138,4.343e-08
rs10462334,87915481,0.398,0.379,0.995,1.07853,0.0138,4.36e-08
rs4916661,87932809,0.397,0.378,0.989,1.07885,0.0139,4.424e-08
rs1628250,87928966,0.397,0.378,0.993,1.07864,0.0138,4.332e-08
rs304132,88215594,0.402,0.421,0.916,0.92229,0.0146,3.047e-08
rs17422060,87858930,0.587,0.605,0.986,0.92747,0.0138,4.892e-08
rs324896,87914264,0.602,0.621,0.995,0.92709,0.0138,4.234e-08
rs324895,87913831,0.398,0.379,0.995,1.07853,0.0138,4.365e-08
rs4916723,87854395,0.552,0.57,0.967,0.92515,0.0138,1.807e-08
rs1644044,87923882,0.602,0.621,0.993,0.92719,0.0138,4.477e-08
rs56022653,87883838,0.414,0.395,0.992,1.08015,0.0138,2.083e-08
rs9969232,114158954,0.67,0.652,0.991,1.08318,0.0145,3.867e-08
rs10262192,114091753,0.49,0.473,0.999,1.07691,0.0135,3.655e-08
rs10231382,114096846,0.51,0.527,0.994,0.92858,0.0135,4.06e-08
rs10261780,114082494,0.508,0.526,0.995,0.92793,0.0137,4.998e-08
rs34291892,114058731,0.357,0.376,0.957,0.921,0.0146,1.585e-08
rs5886709,114086133,0.485,0.466,0.996,1.07993,0.0137,2.056e-08
rs12924285,72653326,0.122,0.11,0.988,1.12345,0.021,3.185e-08
rs117762660,72590903,0.122,0.109,0.992,1.12255,0.0211,4.073e-08
rs148926303,72617333,0.121,0.109,0.991,1.12401,0.0211,2.977e-08
rs212178,72578131,0.871,0.884,0.991,0.8895,0.0205,1.198e-08
rs12596294,72587093,0.126,0.114,0.996,1.12008,0.0207,4.157e-08
rs1222063,96602440,0.346,0.328,0.86,1.10098,0.0174,3.068e-08
rs1656604,47794252,0.528,0.544,0.998,0.92756,0.0135,2.595e-08
rs8039398,47730870,0.533,0.55,1.0,0.92312,0.0135,2.986e-09
rs281320,47769424,0.52,0.537,0.999,0.92524,0.0135,8.308e-09
rs281323,47754027,0.476,0.459,0.992,1.08112,0.0135,8.265e-09
rs281324,47754018,0.525,0.542,0.994,0.9245,0.0135,6.684e-09
rs117396993,34225030,0.0505,0.0433,0.993,1.19375,0.0317,2.381e-08
rs118041269,34223422,0.95,0.957,0.993,0.8377,0.0317,2.384e-08
rs76013678,34499840,0.0514,0.0446,0.99,1.18815,0.0314,4.023e-08
rs74760947,34352610,0.949,0.956,0.991,0.8356,0.0317,1.393e-08
rs80318442,34285545,0.949,0.957,0.992,0.83828,0.0317,2.672e-08
rs74427054,34317437,0.0506,0.0435,0.993,1.19423,0.0317,2.071e-08
