sample_id,cluster
rs11210917,2
rs17371903,1
rs17401357,2
rs803678,1
rs6696529,2
rs605709,2
rs2819333,2
rs1472661,2
rs61769611,2
rs943513,2
rs951740,1
rs6429637,1
rs3011217,4
rs12410155,1
rs999288,1
rs1889588,4
rs4660261,1
rs2782639,1
rs3791137,1
rs17573239,1
rs145902657,1
rs596522,2
rs72673082,2
rs501299,1
rs10890275,4
rs6678767,2
rs61768371,2
rs2842187,2
rs7520053,1
rs139754583,2
rs519669,1
rs6656457,2
rs11338876,2
rs11210860,2
rs7551551,2
rs4660756,2
rs607296m,4
rs6673970,1
rs11587515,2
rs1808730,2
rs11275853,1
rs61768432,1
rs6669157,4
rs3791136,2
rs11587427,1
rs653953,1
rs3838475,4
rs11320873,4
rs11805774,2
rs11810109,1
rs631248,1
rs3838464,1
rs59305903,2
rs35947542,3
rs6700256,2
rs2842186,1
rs499257,4
rs3791043,2
rs4660260,4
rs663618,4
rs839759,1
rs7516647,2
rs35393217,2
rs573350,4
rs917294,4
rs113551349,3
rs3011219,4
rs11577403,2
rs37452,4
rs112646031,1
rs112984125,2
rs10890281,2
rs11210892,1
rs6686238,4
rs11210915,4
rs552638,2
rs839760,2
rs304303,4
rs6429636,1
rs11210869,1
rs4660259,4
rs2270972,1
rs2367724,1
rs11210907,1
rs12062824,1
rs2819336,2
rs4660740,1
rs6698389,1
rs201546697,1
rs56338811,1
rs2275180,2
rs3791040,1
rs1013793,2
rs55656032,1
rs55666439,1
rs10890273,1
rs2906457,4
rs113688544,2
rs12405972,2
rs4660257,1
rs61768408,2
rs7529895,2
rs55684236,2
rs3791044,2
rs710249,2
rs3838466,1
rs11210916,2
rs10692321,1
rs3791139,1
rs7543520,4
rs3791138,4
rs11420276,1
rs12401813,1
rs10890261,4
rs6664485,1
rs2274465,1
rs3791035,2
rs2819335,2
rs56701980,1
rs650729,4
rs11581514,1
rs4660736,2
rs603542,4
rs61769649,2
rs202215468,1
rs150623615,1
rs11590619,2
rs201958677,3
rs7549094,1
rs3001723,4
rs10890255,4
rs11589584,1
rs11580258,2
rs674725,1
rs11586016,2
rs61769643,2
rs112518613,1
rs12089622,1
rs3791140,2
rs34427804,3
rs2004899,4
rs11210887,1
rs11210931,1
rs660899,2
rs839761,2
rs10749850,4
rs539096,4
rs11584382,2
rs34898652,2
rs2842198,2
rs618678,2
rs28833034,4
rs3791033,1
rs2842185,1
rs35891206,4
rs11210914,1
rs34224911,1
rs61768372,2
rs12723279,1
rs3791151,2
rs35025013m,2
rs7546040,4
rs4660745,2
rs10789442,1
rs11210871,4
rs2152113,2
rs3842543,1
rs112767823,3
rs2782657,2
rs61769642,2
rs55803885,4
rs7538463,1
rs56319043,2
rs2819340,4
rs72678680,2
rs11318191,3
rs3828150,4
rs4660743,1
rs2906471,1
rs3791034,1
rs1971342,2
rs3791046,2
rs489319,2
rs2842189,2
rs2970610,4
rs2782641,1
rs11590279,2
rs12410444,1
rs55695044,2
rs3862228,1
rs2842171,1
rs6429638,4
rs583040,2
rs2158954,2
rs10890280,1
rs58829390,1
rs2782640,1
rs10599480,4
rs58097850,1
rs1143702,1
rs2842178,2
rs492929,2
rs6429639,2
rs9787240,1
rs517191,2
rs2158956,4
rs6668616,1
rs11210912,1
rs7551644,1
rs673253,2
rs10789436,4
rs1029632,2
rs56367078,2
rs34264939,2
rs3791134,2
rs3791036,4
rs60879458,1
rs3791101,2
rs2367804,1
rs7531165,2
rs72678674,2
rs1887402,2
rs56352978,2
rs3791041,4
rs2842188,2
rs3952787,4
rs56175694,2
rs35290231,2
rs11429972,4
rs549845,1
rs3791047,1
rs11577684,1
rs17531412,1
rs61768374,1
rs2819334,1
rs147154109,1
rs12083110,1
rs12119149,1
rs1004291,2
rs55722803,4
rs56009633,1
rs9787076,1
rs6697354,4
rs12354267,1
rs7511800,1
rs3791042,4
rs112361411,2
rs673242,2
rs61768370,1
rs3011220,4
rs11210913,1
rs2527776,1
rs1021938,2
rs4858241,1
rs72329266,2
rs28411770,1
rs200721207,1
rs1427829,0
rs770083,0
rs3990314,0
rs35928531,0
rs10506971,0
rs10506965,0
rs12819667,0
rs1427828,0
rs60474271,0
rs770082,0
rs2279574,0
rs704067,0
rs704061,0
rs9783122,0
rs57742111,0
rs11192270,0
rs11591402,0
rs6584649,0
rs12265655,0
rs10400180,0
rs324886,0
rs226488,0
rs11740358,0
rs36124295,0
rs62369151,0
rs34927403,0
rs1644042,0
rs10462334,0
rs4916661,0
rs1628250,0
rs304132,3
rs17422060,0
rs324896,0
rs324895,0
rs4916723,0
rs1644044,0
rs56022653,0
rs9969232,0
rs10262192,0
rs10231382,0
rs10261780,0
rs34291892,0
rs5886709,0
rs12924285,4
rs117762660,4
rs148926303,4
rs212178,1
rs12596294,4
rs1222063,3
rs1656604,2
rs8039398,2
rs281320,2
rs281323,4
rs281324,2
rs117396993,5
rs118041269,5
rs76013678,5
rs74760947,5
rs80318442,5
rs74427054,5
