sample_id,cluster,SNP,CHR,BP,A1,A2,FRQ_A_19099,FRQ_U_34194,OR,SE,P
rs11210917,2,rs11210917,1,44234520,A,T,0.302,0.321,0.90774,0.0146,3.297e-11
rs17371903,1,rs17371903,1,44070691,A,G,0.635,0.615,1.09823,0.014,2.28e-11
rs17401357,2,rs17401357,1,44153619,C,G,0.289,0.308,0.90249,0.0148,3.973e-12
rs803678,1,rs803678,1,44350898,T,G,0.731,0.746,0.92026,0.0152,4.836e-08
rs6696529,2,rs6696529,1,44210387,A,T,0.306,0.324,0.91201,0.0146,2.551e-10
rs605709,2,rs605709,1,44058467,T,C,0.364,0.384,0.91247,0.014,5.559e-11
rs2819333,2,rs2819333,1,44014573,A,T,0.364,0.382,0.91576,0.014,3.561e-10
rs1472661,2,rs1472661,1,44209075,T,C,0.302,0.321,0.90801,0.0146,3.556e-11
rs61769611,2,rs61769611,1,44028913,A,G,0.361,0.38,0.91704,0.014,6.439e-10
rs943513,2,rs943513,1,44035472,A,G,0.366,0.385,0.91649,0.014,4.346e-10
rs951740,1,rs951740,1,44011737,A,G,0.63,0.612,1.09166,0.014,3.799e-10
rs6429637,1,rs6429637,1,44198531,A,G,0.698,0.679,1.10153,0.0146,3.48e-11
rs3011217,4,rs3011217,1,44303266,A,G,0.282,0.266,1.08893,0.0151,1.507e-08
rs12410155,1,rs12410155,1,44188465,A,C,0.712,0.692,1.11115,0.0148,1.09e-12
rs999288,1,rs999288,1,43858637,A,G,0.586,0.567,1.07799,0.0137,3.763e-08
rs1889588,4,rs1889588,1,44012923,T,C,0.281,0.268,1.08709,0.0152,4.246e-08
rs4660261,1,rs4660261,1,44229597,A,G,0.717,0.734,0.91576,0.015,4.527e-09
rs2782639,1,rs2782639,1,44006339,A,G,0.71,0.724,0.91998,0.015,2.873e-08
rs3791137,1,rs3791137,1,44050004,A,G,0.77,0.786,0.90674,0.0161,1.33e-09
rs17573239,1,rs17573239,1,43871273,T,G,0.594,0.576,1.07767,0.0137,4.839e-08
rs145902657,1,rs145902657,1,44277918,GA,G,0.711,0.695,1.08981,0.0149,7.463e-09
rs596522,2,rs596522,1,44066424,A,C,0.363,0.384,0.91201,0.014,4.444e-11
rs72673082,2,rs72673082,1,44059242,A,G,0.364,0.384,0.91265,0.014,6.198e-11
rs501299,1,rs501299,1,44051834,A,C,0.636,0.616,1.09494,0.014,8.47e-11
rs10890275,4,rs10890275,1,44194216,T,G,0.296,0.279,1.09461,0.0148,1.015e-09
rs6678767,2,rs6678767,1,44220670,A,G,0.303,0.321,0.90865,0.0146,4.99e-11
rs61768371,2,rs61768371,1,44118406,A,G,0.336,0.355,0.91558,0.0142,5.043e-10
rs2842187,2,rs2842187,1,44014949,T,C,0.361,0.38,0.91677,0.014,5.906e-10
rs7520053,1,rs7520053,1,44226657,A,G,0.697,0.678,1.10175,0.0146,3.094e-11
rs139754583,2,rs139754583,1,44147579,G,GT,0.294,0.313,0.91001,0.0148,1.931e-10
rs519669,1,rs519669,1,44075505,C,G,0.766,0.781,0.91092,0.016,5.57e-09
rs6656457,2,rs6656457,1,44233662,C,G,0.303,0.321,0.90792,0.0146,3.544e-11
rs11338876,2,rs11338876,1,44199979,G,GT,0.342,0.359,0.91833,0.0143,2.857e-09
rs11210860,2,rs11210860,1,43982527,A,G,0.368,0.386,0.92441,0.014,1.82e-08
rs7551551,2,rs7551551,1,44213482,A,C,0.301,0.32,0.90756,0.0146,2.923e-11
rs4660756,2,rs4660756,1,44383914,T,C,0.3,0.318,0.9091,0.0149,1.654e-10
rs607296m,4,rs607296m,1,44109749,A,G,0.344,0.325,1.08687,0.0142,4.421e-09
rs6673970,1,rs6673970,1,44199469,A,C,0.698,0.679,1.1012,0.0146,3.984e-11
rs11587515,2,rs11587515,1,44222570,T,C,0.302,0.321,0.90792,0.0146,3.464e-11
rs1808730,2,rs1808730,1,44045528,A,G,0.364,0.385,0.91329,0.014,8.489e-11
rs11275853,1,rs11275853,1,44196194,GTTTCTGATTTCT+1,G,0.712,0.692,1.11127,0.0148,1.123e-12
rs61768432,1,rs61768432,1,44243561,A,T,0.699,0.68,1.10418,0.0147,1.315e-11
rs6669157,4,rs6669157,1,44216876,T,C,0.282,0.266,1.09199,0.015,4.57e-09
rs3791136,2,rs3791136,1,44049947,T,C,0.364,0.385,0.91256,0.014,5.845e-11
rs11587427,1,rs11587427,1,44243049,T,C,0.738,0.721,1.10329,0.0153,1.382e-10
rs653953,1,rs653953,1,44083015,A,G,0.659,0.677,0.92164,0.0142,9.588e-09
rs3838475,4,rs3838475,1,44048247,C,CG,0.229,0.214,1.10164,0.0162,2.09e-09
rs11320873,4,rs11320873,1,44237701,CT,C,0.273,0.258,1.09582,0.0155,3.249e-09
rs11805774,2,rs11805774,1,44152715,A,G,0.289,0.308,0.90249,0.0148,4.053e-12
rs11810109,1,rs11810109,1,44186812,A,T,0.711,0.691,1.10927,0.0148,2.334e-12
rs631248,1,rs631248,1,44071221,A,G,0.764,0.781,0.90638,0.016,8.81e-10
rs3838464,1,rs3838464,1,44162584,C,CA,0.711,0.691,1.10783,0.0148,4.494e-12
rs59305903,2,rs59305903,1,44210191,T,C,0.303,0.321,0.90819,0.0146,3.929e-11
rs35947542,3,rs35947542,1,43983679,A,AT,0.358,0.338,1.10098,0.0167,8.788e-09
rs6700256,2,rs6700256,1,44216887,A,G,0.303,0.321,0.90865,0.0146,5.002e-11
rs2842186,1,rs2842186,1,44035093,A,G,0.769,0.783,0.91384,0.0161,2.312e-08
rs499257,4,rs499257,1,44078384,T,C,0.342,0.324,1.08643,0.0142,5.496e-09
rs3791043,2,rs3791043,1,44219546,T,G,0.303,0.321,0.90828,0.0146,4.093e-11
rs4660260,4,rs4660260,1,44195353,T,C,0.296,0.279,1.0945,0.0148,1.076e-09
rs663618,4,rs663618,1,44043105,T,C,0.23,0.214,1.10109,0.0162,2.549e-09
rs839759,1,rs839759,1,43863460,A,G,0.586,0.567,1.07788,0.0137,4.113e-08
rs7516647,2,rs7516647,1,44237465,T,C,0.301,0.32,0.90674,0.0146,2.139e-11
rs35393217,2,rs35393217,1,44101648,A,G,0.336,0.355,0.91558,0.0142,5.203e-10
rs573350,4,rs573350,1,44057950,T,C,0.23,0.214,1.10274,0.0161,1.331e-09
rs917294,4,rs917294,1,44249485,A,G,0.235,0.219,1.09155,0.0161,4.821e-08
rs113551349,3,rs113551349,1,44475123,T,C,0.286,0.304,0.90068,0.0162,1.045e-10
rs3011219,4,rs3011219,1,44306120,A,G,0.282,0.266,1.08937,0.015,1.292e-08
rs11577403,2,rs11577403,1,43989773,A,G,0.368,0.386,0.92469,0.014,2.173e-08
rs37452,4,rs37452,1,44297573,A,C,0.282,0.266,1.08872,0.015,1.642e-08
rs112646031,1,rs112646031,1,44213051,C,G,0.699,0.68,1.10186,0.0146,2.952e-11
rs112984125,2,rs112984125,1,44173423,A,G,0.287,0.307,0.8996,0.0149,1.083e-12
rs10890281,2,rs10890281,1,44245939,A,C,0.301,0.32,0.90529,0.0147,1.138e-11
rs11210892,1,rs11210892,1,44100084,A,G,0.658,0.676,0.92063,0.0142,5.756e-09
rs6686238,4,rs6686238,1,44210253,C,G,0.283,0.266,1.09188,0.015,4.761e-09
rs11210915,4,rs11210915,1,44227579,A,G,0.283,0.266,1.09188,0.015,4.697e-09
rs552638,2,rs552638,1,44043392,A,G,0.364,0.384,0.91347,0.014,1.016e-10
rs839760,2,rs839760,1,43863495,T,C,0.414,0.433,0.92765,0.0137,3.878e-08
rs304303,4,rs304303,1,44178070,T,G,0.286,0.27,1.08883,0.0149,1.226e-08
rs6429636,1,rs6429636,1,44183540,T,G,0.704,0.722,0.91357,0.0148,9.96e-10
rs11210869,1,rs11210869,1,44026040,A,G,0.639,0.62,1.0909,0.014,5.488e-10
rs4660259,4,rs4660259,1,44194534,A,G,0.297,0.279,1.09428,0.0148,1.17e-09
rs2270972,1,rs2270972,1,44158129,C,G,0.712,0.692,1.10827,0.0148,3.632e-12
rs2367724,1,rs2367724,1,44107428,T,C,0.656,0.675,0.91998,0.0142,4.193e-09
rs11210907,1,rs11210907,1,44191759,T,C,0.704,0.722,0.91338,0.0148,9.515e-10
rs12062824,1,rs12062824,1,44215859,A,G,0.697,0.679,1.10054,0.0146,4.979e-11
rs2819336,2,rs2819336,1,44015809,T,C,0.354,0.373,0.91485,0.0141,2.83e-10
rs4660740,1,rs4660740,1,44148617,A,G,0.752,0.735,1.10993,0.0156,2.396e-11
rs6698389,1,rs6698389,1,44051574,A,G,0.636,0.616,1.09538,0.014,7.011e-11
rs201546697,1,rs201546697,1,44226980,A,AT,0.704,0.685,1.10407,0.0148,2.157e-11
rs56338811,1,rs56338811,1,44214888,A,G,0.697,0.679,1.10054,0.0146,5.002e-11
rs2275180,2,rs2275180,1,43773033,A,G,0.364,0.383,0.92561,0.014,3.262e-08
rs3791040,1,rs3791040,1,44202733,A,G,0.697,0.678,1.10043,0.0146,5.379e-11
rs1013793,2,rs1013793,1,44207553,T,C,0.303,0.321,0.9081,0.0146,3.875e-11
rs55656032,1,rs55656032,1,44098739,T,C,0.754,0.768,0.91668,0.0159,4.371e-08
rs55666439,1,rs55666439,1,44111212,T,G,0.664,0.645,1.09199,0.0142,5.571e-10
rs10890273,1,rs10890273,1,44186444,A,T,0.704,0.722,0.91329,0.0148,8.887e-10
rs2906457,4,rs2906457,1,44338575,A,C,0.269,0.254,1.08676,0.0152,4.508e-08
rs113688544,2,rs113688544,1,44151911,T,C,0.248,0.265,0.90105,0.0156,2.52e-11
rs12405972,2,rs12405972,1,44097438,T,G,0.336,0.355,0.91558,0.0142,5.263e-10
rs4660257,1,rs4660257,1,44148168,T,C,0.711,0.692,1.10794,0.0148,4.154e-12
rs61768408,2,rs61768408,1,44220747,A,G,0.262,0.279,0.90737,0.0153,2.05e-10
rs7529895,2,rs7529895,1,44241870,T,C,0.3,0.32,0.90538,0.0146,1.149e-11
rs55684236,2,rs55684236,1,44080009,A,G,0.336,0.356,0.91448,0.0142,3.144e-10
rs3791044,2,rs3791044,1,44219933,A,G,0.301,0.32,0.90747,0.0146,2.863e-11
rs710249,2,rs710249,1,43869235,C,G,0.413,0.432,0.92765,0.0137,3.933e-08
rs3838466,1,rs3838466,1,44202786,C,CA,0.698,0.679,1.10175,0.0146,3.158e-11
rs11210916,2,rs11210916,1,44232926,A,G,0.302,0.321,0.90756,0.0146,2.969e-11
rs10692321,1,rs10692321,1,44211119,A,ACT,0.697,0.679,1.10054,0.0146,4.961e-11
rs3791139,1,rs3791139,1,44051771,T,C,0.636,0.615,1.09549,0.014,6.604e-11
rs7543520,4,rs7543520,1,44243866,T,C,0.283,0.266,1.09341,0.015,2.818e-09
rs3791138,4,rs3791138,1,44050027,A,C,0.23,0.214,1.10296,0.0161,1.257e-09
rs11420276,1,rs11420276,1,44184192,G,GT,0.714,0.694,1.11305,0.0149,6.452e-13
rs12401813,1,rs12401813,1,44263415,A,C,0.659,0.641,1.08177,0.0142,3.231e-08
rs10890261,4,rs10890261,1,44052377,T,G,0.23,0.214,1.10274,0.0161,1.357e-09
rs6664485,1,rs6664485,1,44225532,T,C,0.697,0.679,1.10054,0.0146,4.933e-11
rs2274465,1,rs2274465,1,44121557,C,G,0.664,0.645,1.09243,0.0142,4.732e-10
rs3791035,2,rs3791035,1,44154479,C,G,0.289,0.309,0.90267,0.0148,4.38e-12
rs2819335,2,rs2819335,1,44014825,A,G,0.363,0.381,0.91567,0.014,3.384e-10
rs56701980,1,rs56701980,1,44215412,T,C,0.697,0.679,1.10054,0.0146,4.98e-11
rs650729,4,rs650729,1,44042539,C,G,0.23,0.214,1.10087,0.0162,2.768e-09
rs11581514,1,rs11581514,1,44222204,A,G,0.697,0.679,1.10109,0.0146,4.082e-11
rs4660736,2,rs4660736,1,44034901,A,C,0.378,0.398,0.91311,0.0141,1.12e-10
rs603542,4,rs603542,1,44079411,T,C,0.342,0.324,1.08709,0.0142,4.337e-09
rs61769649,2,rs61769649,1,44098506,A,G,0.336,0.355,0.91567,0.0142,5.333e-10
rs202215468,1,rs202215468,1,44221787,A,G,0.691,0.673,1.09955,0.0148,1.416e-10
rs150623615,1,rs150623615,1,44151435,T,TCAA,0.704,0.722,0.91192,0.0148,4.466e-10
rs11590619,2,rs11590619,1,44126709,C,G,0.335,0.354,0.91485,0.0142,3.989e-10
rs201958677,3,rs201958677,1,44210326,A,T,0.658,0.638,1.10307,0.0167,4.014e-09
rs7549094,1,rs7549094,1,44213178,A,C,0.717,0.733,0.91695,0.015,7.446e-09
rs3001723,4,rs3001723,1,44037685,A,G,0.315,0.297,1.09505,0.0146,4.94e-10
rs10890255,4,rs10890255,1,44031493,A,G,0.234,0.221,1.09199,0.016,4.178e-08
rs11589584,1,rs11589584,1,44122473,T,G,0.664,0.645,1.09243,0.0142,4.883e-10
rs11580258,2,rs11580258,1,44016015,A,G,0.361,0.38,0.91668,0.014,5.754e-10
rs674725,1,rs674725,1,44061795,T,C,0.771,0.786,0.90828,0.0162,2.578e-09
rs11586016,2,rs11586016,1,44031793,C,G,0.362,0.381,0.91778,0.014,9.089e-10
rs61769643,2,rs61769643,1,44052198,A,G,0.296,0.312,0.91649,0.0149,5.435e-09
rs112518613,1,rs112518613,1,44224985,T,C,0.697,0.679,1.10054,0.0146,4.956e-11
rs12089622,1,rs12089622,1,44033768,A,C,0.765,0.779,0.91521,0.016,3.342e-08
rs3791140,2,rs3791140,1,44051778,A,G,0.364,0.384,0.91265,0.014,6.124e-11
rs34427804,3,rs34427804,1,44247279,C,CA,0.729,0.71,1.11115,0.018,5.291e-09
rs2004899,4,rs2004899,1,44045465,A,G,0.23,0.214,1.10296,0.0161,1.273e-09
rs11210887,1,rs11210887,1,44076019,A,G,0.682,0.701,0.91119,0.0145,1.48e-10
rs11210931,1,rs11210931,1,44310875,A,G,0.718,0.734,0.9175,0.015,1.045e-08
rs660899,2,rs660899,1,44117006,T,G,0.336,0.355,0.91549,0.0142,4.843e-10
rs839761,2,rs839761,1,43863857,A,G,0.414,0.433,0.92784,0.0137,4.302e-08
rs10749850,4,rs10749850,1,44205094,T,C,0.282,0.265,1.09101,0.015,6.929e-09
rs539096,4,rs539096,1,44072420,A,G,0.233,0.218,1.09867,0.016,4.44e-09
rs11584382,2,rs11584382,1,44216634,T,C,0.302,0.321,0.90792,0.0146,3.471e-11
rs34898652,2,rs34898652,1,43974091,A,G,0.369,0.386,0.92422,0.014,1.752e-08
rs2842198,2,rs2842198,1,43930738,A,G,0.383,0.403,0.92247,0.0139,6.261e-09
rs618678,2,rs618678,1,44133299,T,C,0.321,0.339,0.91466,0.0143,4.833e-10
rs28833034,4,rs28833034,1,44212942,A,G,0.282,0.266,1.09177,0.015,4.819e-09
rs3791033,1,rs3791033,1,44134077,T,C,0.68,0.662,1.09472,0.0143,2.759e-10
rs2842185,1,rs2842185,1,44019731,T,C,0.639,0.62,1.09057,0.014,6.362e-10
rs35891206,4,rs35891206,1,44248230,A,ACT,0.278,0.261,1.09571,0.0152,1.663e-09
rs11210914,1,rs11210914,1,44223456,T,C,0.697,0.679,1.10109,0.0146,4.068e-11
rs34224911,1,rs34224911,1,44258341,A,T,0.659,0.641,1.08145,0.0142,3.535e-08
rs61768372,2,rs61768372,1,44123988,T,C,0.336,0.355,0.9153,0.0142,4.686e-10
rs12723279,1,rs12723279,1,44310744,T,C,0.718,0.734,0.91741,0.015,1.004e-08
rs3791151,2,rs3791151,1,44078602,A,C,0.336,0.356,0.91439,0.0142,3.08e-10
rs35025013m,2,rs35025013m,1,44250787,T,G,0.292,0.309,0.91338,0.0149,1.124e-09
rs7546040,4,rs7546040,1,44247233,C,G,0.284,0.267,1.09374,0.0151,2.645e-09
rs4660745,2,rs4660745,1,44234076,T,C,0.302,0.321,0.90783,0.0146,3.394e-11
rs10789442,1,rs10789442,1,44140075,A,C,0.677,0.659,1.09374,0.0143,3.975e-10
rs11210871,4,rs11210871,1,44029353,C,G,0.312,0.295,1.09068,0.0147,3.43e-09
rs2152113,2,rs2152113,1,43983569,T,C,0.369,0.386,0.92459,0.014,1.967e-08
rs3842543,1,rs3842543,1,44231607,C,CA,0.718,0.734,0.91558,0.015,4.231e-09
rs112767823,3,rs112767823,1,44181245,T,TA,0.318,0.34,0.89951,0.0153,4.59e-12
rs2782657,2,rs2782657,1,43929988,C,G,0.383,0.403,0.92275,0.0139,6.864e-09
rs61769642,2,rs61769642,1,44051630,A,G,0.364,0.385,0.9132,0.014,8.087e-11
rs55803885,4,rs55803885,1,44195619,A,AAG,0.296,0.279,1.0945,0.0148,1.037e-09
rs7538463,1,rs7538463,1,44196416,A,T,0.704,0.721,0.91357,0.0148,1.004e-09
rs56319043,2,rs56319043,1,44171211,T,C,0.248,0.266,0.89987,0.0156,1.367e-11
rs2819340,4,rs2819340,1,44039710,T,C,0.229,0.214,1.1001,0.0162,3.75e-09
rs72678680,2,rs72678680,1,44240221,A,G,0.262,0.279,0.90674,0.0153,1.613e-10
rs11318191,3,rs11318191,1,44196242,CT,C,0.594,0.573,1.0956,0.0162,1.692e-08
rs3828150,4,rs3828150,1,44050856,T,C,0.23,0.214,1.10219,0.0161,1.717e-09
rs4660743,1,rs4660743,1,44195404,T,C,0.704,0.721,0.91357,0.0148,1.001e-09
rs2906471,1,rs2906471,1,44306422,T,C,0.718,0.734,0.91814,0.015,1.374e-08
rs3791034,1,rs3791034,1,44145130,A,G,0.679,0.66,1.09308,0.0143,5.432e-10
rs1971342,2,rs1971342,1,44152189,A,G,0.289,0.308,0.90249,0.0148,4.092e-12
rs3791046,2,rs3791046,1,44231807,A,C,0.302,0.321,0.90756,0.0146,2.949e-11
rs489319,2,rs489319,1,44131794,T,C,0.321,0.339,0.91558,0.0143,7.389e-10
rs2842189,2,rs2842189,1,44007648,T,C,0.366,0.385,0.9175,0.014,7.068e-10
rs2970610,4,rs2970610,1,44097530,T,C,0.342,0.324,1.08632,0.0142,5.564e-09
rs2782641,1,rs2782641,1,44013355,A,G,0.624,0.606,1.08632,0.014,3.156e-09
rs11590279,2,rs11590279,1,44244183,T,C,0.3,0.32,0.9052,0.0147,1.087e-11
rs12410444,1,rs12410444,1,44188719,A,G,0.712,0.692,1.11104,0.0148,1.158e-12
rs55695044,2,rs55695044,1,44243658,T,C,0.301,0.32,0.90556,0.0147,1.303e-11
rs3862228,1,rs3862228,1,44196945,T,C,0.704,0.721,0.91357,0.0148,1.011e-09
rs2842171,1,rs2842171,1,44039850,A,G,0.635,0.615,1.09352,0.014,1.646e-10
rs6429638,4,rs6429638,1,44211010,A,G,0.282,0.266,1.09166,0.015,5.125e-09
rs583040,2,rs583040,1,44060483,A,G,0.364,0.384,0.91247,0.014,5.491e-11
rs2158954,2,rs2158954,1,44244667,A,G,0.301,0.32,0.90556,0.0147,1.262e-11
rs10890280,1,rs10890280,1,44238218,A,G,0.698,0.679,1.10186,0.0146,3.216e-11
rs58829390,1,rs58829390,1,44007366,G,GGACAGTTCTTCC,0.632,0.614,1.09013,0.014,6.647e-10
rs2782640,1,rs2782640,1,44009033,T,C,0.631,0.613,1.08992,0.014,7.048e-10
rs10599480,4,rs10599480,1,44209514,TCC,T,0.289,0.272,1.09188,0.015,4.674e-09
rs58097850,1,rs58097850,1,44189311,C,CT,0.712,0.692,1.11104,0.0148,1.151e-12
rs1143702,1,rs1143702,1,44086831,T,C,0.659,0.677,0.92155,0.0142,8.998e-09
rs2842178,2,rs2842178,1,44022027,A,G,0.361,0.38,0.91704,0.014,6.642e-10
rs492929,2,rs492929,1,44068275,A,G,0.296,0.312,0.91558,0.015,3.656e-09
rs6429639,2,rs6429639,1,44217753,A,G,0.303,0.321,0.90828,0.0146,4.08e-11
rs9787240,1,rs9787240,1,44256468,A,G,0.668,0.649,1.08567,0.0144,1.197e-08
rs517191,2,rs517191,1,44116466,A,G,0.336,0.355,0.91567,0.0142,5.257e-10
rs2158956,4,rs2158956,1,44211697,T,C,0.282,0.266,1.09188,0.015,4.729e-09
rs6668616,1,rs6668616,1,44216376,T,C,0.697,0.679,1.10054,0.0146,5.022e-11
rs11210912,1,rs11210912,1,44220737,T,G,0.697,0.679,1.10054,0.0146,4.976e-11
rs7551644,1,rs7551644,1,44228016,A,T,0.697,0.678,1.10153,0.0146,3.251e-11
rs673253,2,rs673253,1,44062154,T,C,0.43,0.45,0.91165,0.0137,1.531e-11
rs10789436,4,rs10789436,1,44040966,T,G,0.229,0.214,1.099,0.0162,5.453e-09
rs1029632,2,rs1029632,1,44207899,A,C,0.303,0.321,0.90837,0.0146,4.26e-11
rs56367078,2,rs56367078,1,44215015,T,G,0.303,0.321,0.90828,0.0146,4.096e-11
rs34264939,2,rs34264939,1,44223676,T,TAAAC,0.303,0.321,0.90819,0.0146,4.078e-11
rs3791134,2,rs3791134,1,44049156,A,G,0.364,0.385,0.91311,0.014,7.661e-11
rs3791036,4,rs3791036,1,44155383,A,G,0.296,0.278,1.09636,0.0148,5.059e-10
rs60879458,1,rs60879458,1,44248419,CT,C,0.699,0.679,1.10938,0.0147,1.834e-12
rs3791101,2,rs3791101,1,44366250,A,G,0.305,0.323,0.90765,0.0148,5.3e-11
rs2367804,1,rs2367804,1,44314266,T,C,0.719,0.735,0.91879,0.015,1.804e-08
rs7531165,2,rs7531165,1,44237247,T,C,0.302,0.321,0.90765,0.0146,3.32e-11
rs72678674,2,rs72678674,1,44224688,A,G,0.259,0.275,0.9091,0.0154,5.742e-10
rs1887402,2,rs1887402,1,44036085,A,G,0.365,0.384,0.91594,0.014,3.356e-10
rs56352978,2,rs56352978,1,44231480,A,G,0.301,0.32,0.90638,0.0146,1.69e-11
rs3791041,4,rs3791041,1,44202991,A,G,0.282,0.266,1.09177,0.015,5.111e-09
rs2842188,2,rs2842188,1,44014280,T,C,0.362,0.38,0.91677,0.0141,6.405e-10
rs3952787,4,rs3952787,1,44323244,T,C,0.291,0.275,1.09166,0.0152,7.063e-09
rs56175694,2,rs56175694,1,44065148,T,C,0.364,0.384,0.91192,0.014,4.198e-11
rs35290231,2,rs35290231,1,44103033,A,G,0.336,0.355,0.91558,0.0142,5.111e-10
rs11429972,4,rs11429972,1,44096568,A,ATT,0.354,0.336,1.08329,0.0143,2.055e-08
rs549845,1,rs549845,1,44076469,A,G,0.682,0.701,0.91101,0.0145,1.381e-10
rs3791047,1,rs3791047,1,44236114,A,G,0.698,0.679,1.10175,0.0146,3.324e-11
rs11577684,1,rs11577684,1,44254280,C,G,0.658,0.64,1.08123,0.0142,3.795e-08
rs17531412,1,rs17531412,1,44182244,A,G,0.712,0.692,1.11115,0.0148,1.072e-12
rs61768374,1,rs61768374,1,44151633,T,G,0.711,0.692,1.10794,0.0148,4.156e-12
rs2819334,1,rs2819334,1,44014735,T,C,0.636,0.618,1.09133,0.014,4.665e-10
rs147154109,1,rs147154109,1,44113108,C,CA,0.664,0.645,1.09199,0.0142,5.504e-10
rs12083110,1,rs12083110,1,44245049,T,C,0.699,0.68,1.1044,0.0147,1.254e-11
rs12119149,1,rs12119149,1,44243283,T,C,0.717,0.734,0.91457,0.015,2.812e-09
rs1004291,2,rs1004291,1,43858630,A,G,0.414,0.433,0.92756,0.0137,3.653e-08
rs55722803,4,rs55722803,1,44214545,T,TA,0.282,0.266,1.09199,0.015,4.562e-09
rs56009633,1,rs56009633,1,44231481,T,C,0.697,0.678,1.10087,0.0146,4.376e-11
rs9787076,1,rs9787076,1,44141149,A,C,0.68,0.662,1.09549,0.0144,2.128e-10
rs6697354,4,rs6697354,1,44151015,T,G,0.296,0.278,1.09582,0.0148,6.061e-10
rs12354267,1,rs12354267,1,44248272,T,C,0.698,0.679,1.10805,0.0147,2.991e-12
rs7511800,1,rs7511800,1,44214269,A,T,0.7,0.681,1.10329,0.0146,1.851e-11
rs3791042,4,rs3791042,1,44219275,T,C,0.283,0.266,1.09199,0.015,4.587e-09
rs112361411,2,rs112361411,1,44183923,T,C,0.288,0.308,0.90005,0.0148,1.125e-12
rs673242,2,rs673242,1,44062159,T,C,0.364,0.384,0.91247,0.014,5.468e-11
rs61768370,1,rs61768370,1,44111963,A,T,0.664,0.645,1.09199,0.0142,5.569e-10
rs3011220,4,rs3011220,1,44308867,A,G,0.282,0.266,1.08992,0.015,1.035e-08
rs11210913,1,rs11210913,1,44222597,A,G,0.718,0.734,0.91576,0.015,4.459e-09
rs2527776,1,rs2527776,1,44345292,A,G,0.731,0.746,0.92017,0.0152,4.454e-08
rs1021938,2,rs1021938,3,20573468,C,G,0.4,0.417,0.92589,0.014,3.594e-08
rs4858241,1,rs4858241,3,20669071,T,G,0.636,0.618,1.08567,0.0143,8.172e-09
rs72329266,2,rs72329266,4,31150016,A,ATTT,0.344,0.361,0.92302,0.0144,2.884e-08
rs28411770,1,rs28411770,4,31151456,T,C,0.668,0.651,1.08992,0.0151,1.152e-08
rs200721207,1,rs200721207,4,31151465,T,TA,0.668,0.651,1.08992,0.0151,1.154e-08
rs1427829,0,rs1427829,12,89760744,A,G,0.452,0.436,1.08567,0.0136,1.349e-09
rs770083,0,rs770083,12,89776284,T,C,0.55,0.566,0.92302,0.0136,4.033e-09
rs3990314,0,rs3990314,12,89771512,T,C,0.547,0.564,0.92146,0.0136,1.616e-09
rs35928531,0,rs35928531,12,89748583,A,AGGG,0.548,0.565,0.92146,0.0136,1.643e-09
rs10506971,0,rs10506971,12,89757937,A,G,0.548,0.565,0.92136,0.0136,1.652e-09
rs10506965,0,rs10506965,12,89775029,T,G,0.45,0.434,1.08242,0.0136,5.784e-09
rs12819667,0,rs12819667,12,89763529,T,C,0.547,0.564,0.92201,0.0136,2.125e-09
rs1427828,0,rs1427828,12,89762499,C,G,0.452,0.436,1.0847,0.0136,2.082e-09
rs60474271,0,rs60474271,12,89776845,C,CT,0.55,0.567,0.92219,0.0137,3.033e-09
rs770082,0,rs770082,12,89776485,A,G,0.435,0.419,1.08242,0.0137,8.253e-09
rs2279574,0,rs2279574,12,89745477,A,C,0.544,0.56,0.92321,0.0135,3.622e-09
rs704067,0,rs704067,12,89726027,A,G,0.449,0.433,1.08307,0.0137,6.269e-09
rs704061,0,rs704061,12,89771903,T,C,0.547,0.564,0.92136,0.0135,1.449e-09
rs9783122,0,rs9783122,10,106766398,A,G,0.196,0.207,0.91147,0.0169,4.039e-08
rs57742111,0,rs57742111,10,106765287,A,AGT,0.804,0.793,1.09647,0.0169,4.875e-08
rs11192270,0,rs11192270,10,106761616,T,C,0.212,0.223,0.91174,0.0164,1.887e-08
rs11591402,0,rs11591402,10,106747354,A,T,0.212,0.224,0.91174,0.0164,1.76e-08
rs6584649,0,rs6584649,10,106745104,T,G,0.788,0.776,1.0968,0.0164,1.798e-08
rs12265655,0,rs12265655,10,106744534,T,C,0.788,0.776,1.0968,0.0164,1.762e-08
rs10400180,0,rs10400180,10,106755196,T,G,0.787,0.776,1.09647,0.0164,1.907e-08
rs324886,0,rs324886,5,87896602,T,C,0.414,0.395,1.07972,0.0138,2.502e-08
rs226488,0,rs226488,5,87896330,T,C,0.586,0.605,0.92617,0.0138,2.491e-08
rs11740358,0,rs11740358,5,87926463,A,G,0.397,0.378,1.07864,0.0138,4.392e-08
rs36124295,0,rs36124295,5,87876335,GA,G,0.586,0.605,0.92589,0.0138,2.15e-08
rs62369151,0,rs62369151,5,87883503,T,C,0.586,0.605,0.9258,0.0138,2.099e-08
rs34927403,0,rs34927403,5,87910530,CAG,C,0.602,0.621,0.92719,0.0138,4.384e-08
rs1644042,0,rs1644042,5,87920306,A,C,0.398,0.379,1.07853,0.0138,4.343e-08
rs10462334,0,rs10462334,5,87915481,T,G,0.398,0.379,1.07853,0.0138,4.36e-08
rs4916661,0,rs4916661,5,87932809,T,G,0.397,0.378,1.07885,0.0139,4.424e-08
rs1628250,0,rs1628250,5,87928966,T,G,0.397,0.378,1.07864,0.0138,4.332e-08
rs304132,3,rs304132,5,88215594,A,G,0.402,0.421,0.92229,0.0146,3.047e-08
rs17422060,0,rs17422060,5,87858930,T,G,0.587,0.605,0.92747,0.0138,4.892e-08
rs324896,0,rs324896,5,87914264,A,G,0.602,0.621,0.92709,0.0138,4.234e-08
rs324895,0,rs324895,5,87913831,A,G,0.398,0.379,1.07853,0.0138,4.365e-08
rs4916723,0,rs4916723,5,87854395,A,C,0.552,0.57,0.92515,0.0138,1.807e-08
rs1644044,0,rs1644044,5,87923882,T,G,0.602,0.621,0.92719,0.0138,4.477e-08
rs56022653,0,rs56022653,5,87883838,C,G,0.414,0.395,1.08015,0.0138,2.083e-08
rs9969232,0,rs9969232,7,114158954,A,G,0.67,0.652,1.08318,0.0145,3.867e-08
rs10262192,0,rs10262192,7,114091753,A,G,0.49,0.473,1.07691,0.0135,3.655e-08
rs10231382,0,rs10231382,7,114096846,A,T,0.51,0.527,0.92858,0.0135,4.06e-08
rs10261780,0,rs10261780,7,114082494,T,C,0.508,0.526,0.92793,0.0137,4.998e-08
rs34291892,0,rs34291892,7,114058731,C,CA,0.357,0.376,0.921,0.0146,1.585e-08
rs5886709,0,rs5886709,7,114086133,G,GTC,0.485,0.466,1.07993,0.0137,2.056e-08
rs12924285,4,rs12924285,16,72653326,A,G,0.122,0.11,1.12345,0.021,3.185e-08
rs117762660,4,rs117762660,16,72590903,A,G,0.122,0.109,1.12255,0.0211,4.073e-08
rs148926303,4,rs148926303,16,72617333,A,G,0.121,0.109,1.12401,0.0211,2.977e-08
rs212178,1,rs212178,16,72578131,A,G,0.871,0.884,0.8895,0.0205,1.198e-08
rs12596294,4,rs12596294,16,72587093,A,T,0.126,0.114,1.12008,0.0207,4.157e-08
rs1222063,3,rs1222063,1,96602440,A,G,0.346,0.328,1.10098,0.0174,3.068e-08
rs1656604,2,rs1656604,15,47794252,T,C,0.528,0.544,0.92756,0.0135,2.595e-08
rs8039398,2,rs8039398,15,47730870,T,C,0.533,0.55,0.92312,0.0135,2.986e-09
rs281320,2,rs281320,15,47769424,T,G,0.52,0.537,0.92524,0.0135,8.308e-09
rs281323,4,rs281323,15,47754027,A,G,0.476,0.459,1.08112,0.0135,8.265e-09
rs281324,2,rs281324,15,47754018,T,C,0.525,0.542,0.9245,0.0135,6.684e-09
rs117396993,5,rs117396993,8,34225030,A,G,0.0505,0.0433,1.19375,0.0317,2.381e-08
rs118041269,5,rs118041269,8,34223422,A,G,0.95,0.957,0.8377,0.0317,2.384e-08
rs76013678,5,rs76013678,8,34499840,A,C,0.0514,0.0446,1.18815,0.0314,4.023e-08
rs74760947,5,rs74760947,8,34352610,A,G,0.949,0.956,0.8356,0.0317,1.393e-08
rs80318442,5,rs80318442,8,34285545,T,G,0.949,0.957,0.83828,0.0317,2.672e-08
rs74427054,5,rs74427054,8,34317437,T,G,0.0506,0.0435,1.19423,0.0317,2.071e-08
